category,n_bets,wagered,profit,roi,wins,losses,pushes,winrate,avg_stake
moneyline,14,61.519999999999996,4.727085185185185,0.07683818571497375,6,8,0.0,0.42857142857142855,4.394285714285714
